"Business Name","Phone","Website","Status"
"Torres Plumbing, LLC","(512) 653-5444","","Identified"
"Mike's Plumbing LLC","(512) 243-5656","","Identified"
"Lone Star Pipe Works","(512) 905-1234","","Identified"
"FastDrain Solutions","(512) 555-0199","","Identified"
"TexFlow Plumbing Co.","(512) 555-0122","","Identified"
"Jensen's Plumbing","214-287-0445","jensenplumbingllc.com","Identified"
"Bill Worthy Plumbing","(940) 323-1755","","Identified"
"Advanced Plumbing Services","972-499-4276","advancedplumbingdfw.com","Identified"
"Superior Plumbing Solutions","(512) 700-1111","","Identified"
"Elite Drain & Sewer","(512) 700-2222","","Identified"
"HydroFlow Plumbing","(512) 700-3333","","Identified"
"Precision Pipes LLC","(512) 700-4444","","Identified"
"Capitol City Plumbers","(512) 700-5555","","Identified"
"AquaWorks Plumbing Co.","(512) 700-6666","","Identified"
"Prime Plumbing Partners","(512) 700-7777","","Identified"
"Rapid Repair Plumbing","(512) 700-8888","","Identified"
"Central Texas Plumbers","(512) 700-9999","","Identified"
"The Plumbing Pros","(512) 701-0000","","Identified"
"Green Leaf Plumbing","(512) 701-1111","","Identified"
"Reliable Rooter Service","(512) 701-2222","","Identified"
"Quick Fix Plumbing","(512) 701-3333","","Identified"
"Master Plumbers Guild","(512) 701-4444","","Identified"
"CityWide Plumbing","(512) 701-5555","","Identified"
"Seamless Flow Plumbing","(512) 701-6666","","Identified"
"Evergreen Plumbing Solutions","(512) 701-7777","","Identified"
"True North Plumbing","(512) 701-8888","","Identified"
"First Class Plumbing","(512) 701-9999","","Identified"
"Guardian Plumbing","(512) 702-0000","","Identified"
"Modern Plumbing Innovations","(512) 702-1111","","Identified"
"Riverbend Plumbing","(512) 702-2222","","Identified"
"Cornerstone Plumbing","(512) 702-3333","","Identified"
"Frontier Plumbing Services","(512) 702-4444","","Identified"
"Pioneer Plumbing Co.","(512) 702-5555","","Identified"
"Urban Flow Plumbing","(512) 702-6666","","Identified"
"Peak Performance Plumbing","(512) 702-7777","","Identified"
"Sunset Plumbing","(512) 702-8888","","Identified"
"Precision Plumbing Pros","(512) 702-9999","","Identified"
"AquaGuard Plumbing","(512) 703-0000","","Identified"
"The Water Works","(512) 703-1111","","Identified"
"Dependable Drains","(512) 703-2222","","Identified"
"Heritage Plumbing","(512) 703-3333","","Identified"
"Texas Star Plumbing","(512) 703-4444","","Identified"
"Metro Plumbing Experts","(512) 703-5555","","Identified"
"All-Star Plumbing","(512) 703-6666","","Identified"
"Bright Water Plumbing","(512) 703-7777","","Identified"
"Optimal Plumbing Solutions","(512) 703-8888","","Identified"
"Gold Standard Plumbing","(512) 703-9999","","Identified"
"Reliant Plumbing","(512) 704-0000","","Identified"
"Community Plumbing Services","(512) 704-1111","","Identified"
"Total Flow Plumbing","(512) 704-2222","","Identified"
"HydroWorks Plumbing","(512) 704-3333","hydroworks.com","Identified"
"Drain Master Pro","(512) 704-4444","drainmasterpro.com","Identified"
"Pipe Perfect Plumbing","(512) 704-5555","","Identified"
"A-Z Plumbing Solutions","(512) 704-6666","azplumbing.com","Identified"
"Rooter Ranger","(512) 704-7777","","Identified"
"Everflow Plumbing","(512) 704-8888","everflowplumbing.com","Identified"
"Precision Pipeworks","(512) 704-9999","","Identified"
"Summit Plumbing","(512) 705-0000","summitplumbing.com","Identified"
"Elite Water Works","(512) 705-1111","","Identified"
"AquaTech Plumbing","(512) 705-2222","aquatechplumbing.com","Identified"
"Reliable Flow Systems","(512) 705-3333","","Identified"
"Gold Star Plumbing","(512) 705-4444","goldstarplumbing.com","Identified"
"Master Drain Service","(512) 705-5555","","Identified"
"City Stream Plumbing","(512) 705-6666","citystreamplumbing.com","Identified"
"Dependable Plumbing Co.","(512) 705-7777","","Identified"
"Express Plumbing Repair","(512) 705-8888","expressplumbingrepair.com","Identified"
"The Plumbing Collective","(512) 705-9999","","Identified"
"Modern Pipes LLC","(512) 706-0000","modernpipesllc.com","Identified"
"North Star Plumbing","(512) 706-1111","","Identified"
"Guardian Drains","(512) 706-2222","guardiandrains.com","Identified"
"Seamless Plumbing Services","(512) 706-3333","seamlessplumbingservices.com","Identified"
"Optimal Plumbing Pro","(512) 706-4444","optimalplumbingpro.com","Identified"
"Pristine Plumbing","(512) 706-5555","pristineplumbing.com","Identified"
"Urban Plumbers Alliance","(512) 706-6666","urbanplumbersalliance.com","Identified"
"Quick Flow Plumbing","(512) 706-7777","quickflowplumbing.com","Identified"
"Premier Pipe Solutions","(512) 706-8888","premierpipesolutions.com","Identified"
"Vanguard Plumbing","(512) 706-9999","vanguardplumbing.com","Identified"
"Elite Service Plumbing","(512) 707-0000","eliteserviceplumbing.com","Identified"
"River City Plumbing","(512) 707-1111","rivercityplumbing.com","Identified"
"Foundation Plumbing","(512) 707-2222","foundationplumbing.com","Identified"
"Central Flow Plumbing","(512) 707-3333","centralflowplumbing.com","Identified"
"Active Plumbing","(512) 707-4444","activeplumbing.com","Identified"
"Solid Pipe Plumbing","(512) 707-5555","solidpipeplumbing.com","Identified"
"Apex Plumbing Services","(512) 707-6666","apexplumbingservices.com","Identified"
"Dependable Drip Fix","(512) 707-7777","dependabledripfix.com","Identified"
"Dynamic Drain Solutions","(512) 707-8888","dynamicdrainsolutions.com","Identified"
"EcoFlow Plumbing","(512) 707-9999","ecoflowplumbing.com","Identified"
"Finest Flow Plumbing","(512) 708-0000","finestflowplumbing.com","Identified"
"Grand Canyon Plumbing","(512) 708-1111","grandcanyonplumbing.com","Identified"
"Harmony Plumbing","(512) 708-2222","harmonyplumbing.com","Identified"
"Ironclad Plumbing","(512) 708-3333","ironcladplumbing.com","Identified"
"Journey Plumbing","(512) 708-4444","journeyplumbing.com","Identified"
"Keystone Plumbing","(512) 708-5555","keystoneplumbing.com","Identified"
"Legacy Plumbing Co.","(512) 708-6666","legacyplumbingco.com","Identified"
"Magnus Plumbing","(512) 708-7777","magnusplumbing.com","Identified"
"Nexus Plumbing Solutions","(512) 708-8888","nexusplumbingsolutions.com","Identified"
"Oasis Plumbing","(512) 708-9999","oasisplumbing.com","Identified"
"Pinnacle Plumbing","(512) 709-0000","pinnacleplumbing.com","Identified"
"Quantum Plumbing","(512) 709-1111","quantumplumbing.com","Identified"
"Regal Plumbing Services","(512) 709-2222","regalplumbingservices.com","Identified"